-- CREATE DATABASE DATA_X_
-- USE DATA_X_
/*
CREATE TABLE Report(
   Id_Report INT,
   Title VARCHAR(50),
   Data VARCHAR(50),
   Publication_Date DATE,
   PRIMARY KEY(Id_Report)
);

CREATE TABLE Local_Agency(
   Id_Local_Agency INT,
   City_Agency VARCHAR(50),
   Agency_Name VARCHAR(50),
   PRIMARY KEY(Id_Local_Agency)
);

CREATE TABLE Staff(
   Id_Staff INT,
   LastName VARCHAR(50),
   FirstName VARCHAR(50),
   birthday DATE,
   start_date_ DATE,
   Postal_address VARCHAR(50),
   Id_Local_Agency INT NOT NULL,
   PRIMARY KEY(Id_Staff),
   FOREIGN KEY(Id_Local_Agency) REFERENCES Local_Agency(Id_Local_Agency)
);

CREATE TABLE Administrative_Agent(
   ID_Administrative_agent INT,
   Id_Staff INT NOT NULL,
   PRIMARY KEY(ID_Administrative_agent),
   UNIQUE(Id_Staff),
   FOREIGN KEY(Id_Staff) REFERENCES Staff(Id_Staff)
);

CREATE TABLE Technical_agent(
   Id_Technical_Agent INT,
   Id_Staff INT NOT NULL,
   PRIMARY KEY(Id_Technical_Agent),
   UNIQUE(Id_Staff),
   FOREIGN KEY(Id_Staff) REFERENCES Staff(Id_Staff)
);

CREATE TABLE company_manager_(
   Id_Manager INT,
   Id_Staff INT NOT NULL,
   PRIMARY KEY(Id_Manager),
   UNIQUE(Id_Staff),
   FOREIGN KEY(Id_Staff) REFERENCES Staff(Id_Staff)
);

CREATE TABLE sensor(
   Id_sensor INT,
   Region VARCHAR(50),
   Activity_Sector VARCHAR(50),
   Sensor_Name VARCHAR(50),
   Id_Local_Agency INT NOT NULL,
   Id_Technical_Agent INT NOT NULL,
   PRIMARY KEY(Id_sensor),
   FOREIGN KEY(Id_Local_Agency) REFERENCES Local_Agency(Id_Local_Agency),
   FOREIGN KEY(Id_Technical_Agent) REFERENCES Technical_agent(Id_Technical_Agent)
);

CREATE TABLE Measures(
   ID_Measures INT,
   Date_Measures DATE,
   Measure DECIMAL(15,2),
   Gaseous_Pollutant VARCHAR(50),
   Classification VARCHAR(50),
   Id_sensor INT NOT NULL,
   PRIMARY KEY(ID_Measures),
   FOREIGN KEY(Id_sensor) REFERENCES sensor(Id_sensor)
);

CREATE TABLE USE_(
   ID_Administrative_agent INT,
   ID_Measures INT,
   PRIMARY KEY(ID_Administrative_agent, ID_Measures),
   FOREIGN KEY(ID_Administrative_agent) REFERENCES Administrative_Agent(ID_Administrative_agent),
   FOREIGN KEY(ID_Measures) REFERENCES Measures(ID_Measures)
);

CREATE TABLE Write_(
   ID_Administrative_agent INT,
   Id_Report INT,
   PRIMARY KEY(ID_Administrative_agent, Id_Report),
   FOREIGN KEY(ID_Administrative_agent) REFERENCES Administrative_Agent(ID_Administrative_agent),
   FOREIGN KEY(Id_Report) REFERENCES Report(Id_Report)
);

INSERT INTO Report (Id_Report, Title, Data_, Publication_Date) VALUES
(1, 'AnalyseCO2', 'Analyse des données de CO2 dans le secteur agricole', '1992-07-15'),
(2, 'EvaluationNH3', 'Évaluation des mesures de NH3 dans le domaine de la santé', '1996-11-03'),
(3, 'RapportHFC', 'Rapport sur les capteurs de CH4 utilisés dans le secteur énergétique', '1998-04-22'),
(4, 'AnalyseN2O', 'Analyse approfondie des mesures de N2O dans le secteur industriel', '2001-09-10'),
(5, 'EtudePFC', 'Étude comparative des capteurs de PFC dans le secteur agricole', '2005-12-28'),
(6, 'RapportHFC', 'Rapport sur les données de HFC dans le domaine de la santé', '2007-06-14'),
(7, 'AnalyseSF6', 'Analyse des mesures de SF6 dans le secteur énergétique', '2010-03-19'),
(8, 'EvaluationCO2nb', 'Évaluation de l impact des capteurs de CO2 non bio dans le secteur industriel', '2013-08-27'),
(9, 'RapportCO2b', 'Rapport sur l utilisation des capteurs de CO2 bio dans le domaine de la santé', '2015-05-06'),
(10, 'AnalyseCH4', 'Analyse comparative des mesures de CH4 dans le secteur agricole', '2017-10-31'),
(11, 'RapportCO2', 'Rapport sur les mesures de CO2 bio dans le secteur de l énergie', '2000-02-18'),
(12, 'Evaluation NH3', 'Évaluation des capteurs de NH3 dans le secteur agricole', '2004-08-09'),
(13, 'AnalyseSF6', 'Analyse des données de SF6 dans le domaine industriel', '2020-01-25'),
(14, 'RapportPFC', 'Rapport sur l utilisation des capteurs de PFC dans le secteur de l énergie', '2009-11-17'),
(15, 'EtudeHFC', 'Étude comparative des mesures de HFC dans le secteur de la santé', '2018-07-03');

  -- ---------------------------------------------------changement data_ ----------------
-- ALTER TABLE Report
-- CHANGE Data Data_  VARCHAR(200);

INSERT INTO Local_Agency (Id_Local_Agency, City_Agency, Agency_Name) VALUES

(1, 'Paris', 'CAPP'),
(2, 'Lyon', 'CAPLY'),
(3, 'Marseille', 'CAPM'),
(4, 'Toulouse', 'CAPT'),
(5, 'Lille', 'CAPL'),
(6, 'Reims', 'CAPR'),
(7, 'Nantes', 'CAPN'),
(8, 'Bordeaux', 'CAPB');

INSERT INTO Staff (Id_Staff, LastName, FirstName, birthday, start_date_, Postal_address, Id_Local_Agency) VALUES
(1, 'Dupont', 'Jean', '1985-04-15', '2010-11-03', '123 rue de la Paix, 75001 Paris', 1),
(2, 'Martin', 'Marie', '1990-09-22', '2015-07-12', '456 avenue des Lilas, 69002 Lyon', 2),
(3, 'Dubois', 'Pierre', '1978-12-08', '2007-05-29', '789 chemin des Cèdres, 13008 Marseille', 3),
(4, 'Bernard', 'Léa', '1995-06-10', '2016-02-18', '234 rue des Roses, 31000 Toulouse', 4),
(5, 'Lefevre', 'Paul', '1982-10-03', '2009-09-25', '567 avenue des Tulipes, 59000 Lille', 5),
(6, 'Leroy', 'Sophie', '1989-11-18', '2014-03-06', '890 boulevard des Chênes, 75012 Paris', 1),
(7, 'Moreau', 'Simon', '1976-07-29', '2005-10-14', '345 rue des Mimosas, 69005 Lyon', 2),
(8, 'Laurent', 'Emma', '1993-05-02', '2018-08-22', '678 avenue des Pivoines, 13005 Marseille', 3),
(9, 'Garcia', 'Lucas', '1980-09-11', '2012-01-31', '901 chemin des Coquelicots, 31005 Toulouse', 4),
(10, 'Martinez', 'Manon', '1998-03-25', '2019-11-10', '123 rue des Lys, 59002 Lille', 5),
(11, 'Robin', 'Hugo', '1987-07-14', '2013-04-02', '564 avenue des Orangers, 75015 Paris', 1),
(12, 'Petit', 'Camille', '1991-01-19', '2016-06-17', '789 boulevard des Roses, 69008 Lyon', 2),
(13, 'Fontaine', 'Léo', '1984-08-07', '2010-12-28', '345 rue des Jasmins, 13002 Marseille', 3),
(14, 'Gauthier', 'Chloé', '1979-12-30', '2006-09-15', '567 avenue des Muguets, 31008 Toulouse', 4),
(15, 'Roux', 'Mathis', '1994-05-23', '2015-03-07', '890 chemin des Tournesols, 59012 Lille', 5),
(16, 'Lemoine', 'Clara', '1988-09-06', '2017-10-23', '901 rue des Hortensias, 13008 Marseille', 3),
(17, 'Michel', 'Antoine', '1983-02-17', '2012-01-11', '123 avenue des Roses, 31005 Toulouse', 4),
(18, 'Coubert', 'Zoé', '1997-11-04', '2019-08-30', '456 boulevard des Oliviers, 69003 Lyon', 2),
(19, 'Caron', 'Théo', '1992-03-09', '2016-06-19', '789 chemin des Mimosas, 13005 Marseille', 3),
(20, 'Rolland', 'Inès', '1986-06-22', '2013-04-04', '567 avenue des Pivoines, 59002 Lille', 5),
(21, 'Berthier', 'Elodie', '1983-04-14', '2016-11-19', '15 Rue Clovis, 51100 Reims', 6),
(22, 'Marchand', 'Adrien', '1995-10-30', '2018-04-16', '8 Avenue de Laon, 51100 Reims', 6),
(24, 'Fournier', 'Romain', '1996-02-07', '2020-02-15', '4 Place Drouet d''Erlon, 51100 Reims', 6),
(25, 'Dupuis', 'Celine', '1985-08-23', '2017-07-03', '24 Rue du Maréchal Joffre, 44000 Nantes', 7),
(26, 'Girard', 'Guillaume', '1992-03-18', '1992-03-18', '10 Avenue Camus, 44000 Nantes', 7),
(28, 'Brun', 'Anthony', '1987-12-29', '2016-09-10', '8 Place du Bouffay, 44000 Nantes', 7),
(29, 'Marchal', 'Juliette', '1993-01-14', '2021-01-08', '27 Rue des Ayres, 33000 Bordeaux', 8),
(30, 'Guillaume', 'Corentin', '1998-04-16', '2018-11-09', '14 Rue Sainte-Catherine, 33000 Bordeaux', 8),
(31, 'Menard', 'Sophie', '1990-10-29', '2017-05-06', '8 Quai Louis XVIII, 33000 Bordeaux', 8);

-- ALTER TABLE Administrative_Agent ADD COLUMN NumberOfReport INT;



INSERT INTO Administrative_Agent (ID_Administrative_agent,Id_Staff,NumberOfReport) VALUES
(1, 11, 10),
(2, 12, 5),
(3, 13, 8),
(4, 14, 6),
(5, 15, 4),
(6, 18, 9),
(7, 19, 2),
(8, 20, 3),
(9, 24, 7),
(10, 28, 5),
(11, 31, 8);

INSERT INTO Technical_agent (Id_Technical_Agent, Id_Staff) VALUES
(1, 6),
(2, 7),
(3, 8),
(4, 9),
(5, 10),
(6, 16),
(7, 17),
(8, 22),
(9, 26),
(10, 30);

INSERT INTO company_manager_ (Id_Manager, Id_Staff) VALUES
(1, 1),
(2, 2),
(3, 3),
(4, 4),
(5, 5),
(6, 21),
(7, 25),
(8, 29);

INSERT INTO sensor (Id_sensor, Region, Activity_Sector, Sensor_Name, Id_Local_Agency, Id_Technical_Agent) VALUES
(1, 'Ile-de-France', 'Industrie chimique', 'GazGuard', 1, 1),
(2, 'Ile-de-France', 'Agriculture', 'NovaSense', 1, 1),
(3, 'Ile-de-France', 'Secteur de l''énergie', 'AirWatch', 1, 1),
(4, 'Ile-de-France', 'Traitement des déchets', 'GasPro', 1, 1),
(5, 'Ile-de-France', 'Secteur des transports', 'ScanAir', 1, 1),
(6, 'Auvergne-Rhône-Alpes', 'Secteur des transports', 'SensorSure', 2, 2),
(7, 'Auvergne-Rhône-Alpes', 'Traitement des déchets', 'GasDetective', 2, 2),
(8, 'Auvergne-Rhône-Alpes', 'Secteur de l''énergie', 'ClearAir', 2, 2),
(9, 'Auvergne-Rhône-Alpes', 'Agriculture', 'SmartSense', 2, 2),
(10, 'Auvergne-Rhône-Alpes', 'Industrie chimique', 'GasSentry', 2, 2),
(11, 'Auvergne-Rhône-Alpes', 'Secteur de l''énergie', 'AeroSpectra', 2, 2),
(12, 'Auvergne-Rhône-Alpes', 'Secteur des transports', 'SwiftGuard', 2, 2),
(13, 'Auvergne-Rhône-Alpes', 'Agriculture', 'TrueTrace', 2, 2),
(14, 'PACA', 'Agriculture', 'AeroGuard', 3, 3),
(15, 'PACA', 'Secteur de l''énergie', 'GasWarden', 3, 3),
(16, 'PACA', 'Secteur des transports', 'PureSense', 3, 5),
(17, 'Occitanie', 'Industrie chimique', 'AirVigil', 4, 4),
(18, 'Occitanie', 'Traitement des déchets', 'AeroAlert', 4, 6),
(19, 'Hauts-de-France', 'Secteur des transports', 'GasShield', 5, 7),
(20, 'Hauts-de-France', 'Secteur de l''énergie', 'SensorTrack', 5, 7),
(21, 'Hauts-de-France', 'Agriculture', 'AeroSafe', 5, 7),
(22, 'Hauts-de-France', 'Traitement des déchets', 'GasSafeguard', 5, 7),
(23, 'Hauts-de-France', 'Secteur de l''énergie', 'CleanAirGuard', 5, 7),
(24, 'Grand Est', 'Industrie chimique', 'ScanGuard', 7, 9),
(25, 'Grand Est', 'Agriculture', 'AeroTrace', 7, 9),
(26, 'Grand Est', 'Secteur des transports', 'GasTrack', 7, 9),
(27, 'Grand Est', 'Industrie chimique', 'ClearGuard', 7, 9),
(28, 'Pays de la loire', 'Agriculture', 'AeroPulse', 6, 8),
(29, 'Pays de la loire', 'Traitement des déchets', 'GasProtek', 6, 8),
(30, 'Pays de la loire', 'Secteur de l''énergie', 'SensorX', 6, 8),
(31, 'Nouvelle aquitaine ', 'Agriculture', 'GasLink', 8, 10),
(32, 'Nouvelle aquitaine ', 'Industrie chimique', 'AirSpot', 8, 10),
(33, 'Nouvelle aquitaine ', 'Traitement des déchets', 'CleanSense', 8, 10),
(34, 'Nouvelle aquitaine ', 'Secteur des transports', 'AeroSniff', 8, 10),
(35, 'Nouvelle aquitaine ', 'Secteur de l''énergie', 'AeroScan', 8, 10),
(36, 'Nouvelle aquitaine ', 'Agriculture', 'GasWise', 8, 10);
-- ----------------------------------------------------

INSERT INTO Measures (ID_Measures, Date_Measures, Measure, Gaseous_Pollutant, Classification, Id_sensor) VALUES
(1, '2023-03-21', 27.8, 'SF6', 'GES', 1),
(2, '2021-08-12', 45, 'CH4', 'GES', 2),
(3, '2022-11-25', 32.6, 'CO2bio', 'GES', 3),
(4, '2024-04-06', 18.9, 'NH3', 'GRA', 4),
(5, '2022-06-29', 50, 'PFC', 'GES', 5),
(6, '2023-10-17', 22.3, 'CO2nonbio', 'GES', 6),
(7, '2021-01-08', 37.5, 'HFC', 'GES', 7),
(8, '2024-09-03', 19.8, 'CO2bio', 'GES', 8),
(9, '2022-12-14', 28, 'SF6', 'GES', 9),
(10, '2021-05-10', 49.2, 'NH3', 'GRA', 10),
(11, '2023-07-22', 15.7, 'PFC', 'GES', 11),
(12, '2024-02-09', 33, 'HFC', 'GES', 12),
(13, '2021-11-18', 25.6, 'CH4', 'GES', 13),
(14, '2022-06-05', 42.1, 'CO2nonbio', 'GES', 14),
(15, '2023-09-27', 20.9, 'CO2bio', 'GES', 15),
(16, '2021-01-16', 47.3, 'NH3', 'GRA', 16),
(17, '2024-03-24', 16, 'SF6', 'GES', 17),
(18, '2022-08-11', 38.4, 'PFC', 'GES', 18),
(19, '2021-04-07', 24.7, 'HFC', 'GES', 19),
(20, '2023-06-28', 31.5, 'CH4', 'GES', 20),
(21, '2024-10-19', 13.2, 'CO2nonbio', 'GES', 21),
(22, '2022-01-02', 36.7, 'SF6', 'GES', 22),
(23, '2023-12-13', 21.4, 'PFC', 'GES', 23),
(24, '2021-04-15', 48.6, 'CH4', 'GES', 24),
(25, '2022-06-30', 17.3, 'CO2bio', 'GES', 25),
(26, '2023-07-23', 39.8, 'HFC', 'GES', 26),
(27, '2024-02-04', 26, 'NH3', 'GRA', 27),
(28, '2022-11-19', 43.5, 'CO2nonbio', 'GES', 28),
(29, '2021-09-01', 23.1, 'SF6', 'GES', 29),
(30, '2024-03-09', 29.6, 'CH4', 'GES', 30),
(31, '2022-05-08', 14.5, 'HFC', 'GES', 31),
(32, '2023-08-10', 34.2, 'PFC', 'GES', 32),
(33, '2021-01-21', 37.9, 'NH3', 'GRA', 33),
(34, '2024-03-13', 10.8, 'CO2bio', 'GES', 34),
(35, '2022-06-17', 30, 'CO2nonbio', 'GES', 35),
(36, '2023-09-25', 46.8, 'SF6', 'GES', 36),
(37, '2021-11-28', 18.5, 'PFC', 'GES', 1),
(38, '2024-06-06', 41.2, 'CH4', 'GES', 2),
(39, '2022-08-01', 21.9, 'NH3', 'GRA', 3),
(40, '2021-04-26', 47.6, 'HFC', 'GES', 4),
(41, '2023-07-11', 12.3, 'CO2bio', 'GES', 5),
(42, '2024-02-08', 29.1, 'SF6', 'GES', 6),
(43, '2021-10-19', 38.7, 'PFC', 'GES', 7),
(44, '2022-12-03', 16.4, 'HFC', 'GES', 8),
(45, '2024-04-12', 33.9, 'NH3', 'GRA', 9),
(46, '2022-06-15', 25.2, 'CO2nonbio', 'GES', 10),
(47, '2023-08-29', 42.6, 'CH4', 'GES', 11),
(48, '2021-01-24', 20.3, 'CO2bio', 'GES', 12),
(49, '2022-03-18', 35.8, 'SF6', 'GES', 13),
(50, '2023-05-07', 14.9, 'NH3', 'GRA', 14),
(51, '2024-08-10', 31.2, 'HFC', 'GES', 15),
(52, '2022-11-21', 23.7, 'CH4', 'GES', 16),
(53, '2021-09-01', 40, 'CO2nonbio', 'GES', 17),
(54, '2024-03-13', 19.1, 'PFC', 'GES', 18),
(55, '2022-06-17', 36.5, 'CO2bio', 'GES', 19),
(56, '2023-09-28', 26.8, 'NH3', 'GRA', 20),
(57, '2021-11-28', 45.3, 'SF6', 'GES', 21),
(58, '2024-06-06', 24.5, 'PFC', 'GES', 22),
(59, '2022-08-01', 41.7, 'CH4', 'GES', 23),
(60, '2021-04-26', 15.4, 'HFC', 'GES', 24),
(61, '2023-07-11', 32.1, 'CO2nonbio', 'GES', 25),
(62, '2024-02-08', 22.6, 'SF6', 'GES', 26),
(63, '2021-10-19', 39.3, 'NH3', 'GRA', 27),
(64, '2022-12-03', 17.8, 'HFC', 'GES', 28),
(65, '2024-04-12', 34.5, 'PFC', 'GES', 29),
(66, '2022-06-15', 28.3, 'CO2bio', 'GES', 30),
(67, '2023-08-29', 47.9, 'CH4', 'GES', 31),
(68, '2021-01-24', 25.4, 'CO2nonbio', 'GES', 32),
(69, '2022-03-18', 42.9, 'SF6', 'GES', 33),
(70, '2023-05-07', 20.6, 'PFC', 'GES', 34),
(71, '2024-08-10', 36, 'NH3', 'GRA', 35),
(72, '2022-11-21', 12.7, 'HFC', 'GES', 36),
(73, '2021-09-01', 29.4, 'CO2bio', 'GES', 1),
(74, '2024-03-13', 38, 'CH4', 'GES', 2),
(75, '2022-06-17', 16.7, 'NH3', 'GRA', 3),
(76, '2023-09-28', 33.4, 'SF6', 'GES', 4),
(77, '2021-11-28', 23.2, 'HFC', 'GES', 5),
(78, '2024-06-06', 40.6, 'PFC', 'GES', 6),
(79, '2022-08-01', 18.3, 'CO2nonbio', 'GES', 7),
(80, '2021-04-26', 35.5, 'CH4', 'GES', 8),
(81, '2023-07-11', 13.8, 'CO2bio', 'GES', 9),
(82, '2024-02-08', 31.5, 'PFC', 'GES', 10),
(83, '2019-07-03', 27, 'SF6', 'GES', 11),
(84, '2020-11-21', 44.3, 'HFC', 'GES', 12),
(85, '2018-09-14', 21.1, 'NH3', 'GRA', 13),
(86, '2022-02-28', 37.3, 'CO2nonbio', 'GES', 14),
(87, '2017-05-10', 19.6, 'CH4', 'GES', 15),
(88, '2019-12-06', 29.9, 'CO2bio', 'GES', 16),
(89, '2021-08-19', 38.3, 'PFC', 'GES', 17),
(90, '2016-04-30', 14.2, 'SF6', 'GES', 18),
(91, '2018-01-25', 32.9, 'NH3', 'GRA', 19),
(92, '2020-10-07', 24.6, 'HFC', 'GES', 20),
(93, '2015-06-13', 41.8, 'CO2nonbio', 'GES', 21),
(94, '2019-03-02', 20.7, 'CH4', 'GES', 22),
(95, '2017-11-18', 46.1, 'SF6', 'GES', 23),
(96, '2016-08-09', 16.5, 'HFC', 'GES', 24),
(97, '2019-12-24', 34.8, 'CO2bio', 'GES', 25),
(98, '2018-09-05', 26.1, 'NH3', 'GRA', 26),
(99, '2022-01-27', 43.6, 'PFC', 'GES', 27),
(100, '2017-04-11', 22.9, 'CO2nonbio', 'GES', 28),
(101, '2020-10-20', 39.4, 'CH4', 'GES', 29),
(102, '2016-03-08', 18.1, 'SF6', 'GES', 30),
(103, '2019-05-15', 35.6, 'HFC', 'GES', 31),
(104, '2018-07-29', 13.2, 'CO2bio', 'GES', 32),
(105, '2021-02-04', 30.8, 'NH3', 'GRA', 33),
(106, '2017-11-12', 27.3, 'PFC', 'GES', 34),
(107, '2016-06-22', 44.5, 'CH4', 'GES', 35),
(108, '2019-09-16', 21.2, 'CO2nonbio', 'GES', 36),
(109, '2018-12-03', 38.2, 'SF6', 'GES', 1),
(110, '2020-04-26', 15.9, 'HFC', 'GES', 2),
(111, '2015-10-17', 32.4, 'NH3', 'GRA', 3),
(112, '2017-08-01', 23.9, 'CO2bio', 'GES', 4),
(113, '2019-01-06', 41.1, 'PFC', 'GES', 5),
(114, '2016-11-23', 19.4, 'CH4', 'GES', 6),
(115, '2018-03-14', 36.7, 'CO2nonbio', 'GES', 7),
(116, '2020-09-07', 12.1, 'SF6', 'GES', 8),
(117, '2017-05-18', 29.8, 'HFC', 'GES', 9),
(118, '2019-10-09', 37.6, 'NH3', 'GRA', 10),
(119, '2018-06-02', 17.9, 'CO2bio', 'GES', 11),
(120, '2020-12-27', 34.3, 'PFC', 'GES', 12),
(121, '2016-08-10', 24.2, 'SF6', 'GES', 13),
(122, '2019-04-19', 42.7, 'CH4', 'GES', 14),
(123, '2017-11-05', 20.4, 'HFC', 'GES', 15),
(124, '2018-06-25', 47.2, 'NH3', 'GRA', 16),
(125, '2021-02-08', 14.7, 'CO2nonbio', 'GES', 17),
(126, '2016-09-15', 30.2, 'CO2bio', 'GES', 18),
(127, '2019-07-30', 28.5, 'SF6', 'GES', 19),
(128, '2018-05-12', 45.9, 'PFC', 'GES', 20),
(129, '2020-11-28', 22.1, 'CH4', 'GES', 21),
(130, '2017-03-04', 39.6, 'NH3', 'GRA', 22),
(131, '2019-10-22', 18.8, 'HFC', 'GES', 23),
(132, '2016-08-11', 36.1, 'CO2nonbio', 'GES', 24),
(133, '2018-04-26', 11.5, 'CO2bio', 'GES', 25),
(134, '2020-10-17', 31.9, 'SF6', 'GES', 26),
(135, '2015-06-01', 26.7, 'PFC', 'GES', 27),
(136, '2019-01-06', 43.1, 'NH3', 'GRA', 28),
(137, '2016-11-20', 21.5, 'HFC', 'GES', 29),
(138, '2018-03-09', 38.9, 'CH4', 'GES', 30),
(139, '2020-09-03', 16.2, 'CO2nonbio', 'GES', 31),
(140, '2017-05-14', 35.2, 'CO2bio', 'GES', 32),
(141, '2019-10-07', 24.9, 'SF6', 'GES', 33),
(142, '2018-06-18', 41.3, 'PFC', 'GES', 34),
(143, '2021-01-01', 19.7, 'HFC', 'GES', 35),
(144, '2016-09-23', 37.1, 'NH3', 'GRA', 36),
(145, '2019-08-05', 13.4, 'CH4', 'GES', 1),
(146, '2018-04-30', 29.5, 'CO2nonbio', 'GES', 2),
(147, '2020-11-12', 39.8, 'CO2bio', 'GES', 3),
(148, '2017-03-22', 17.5, 'SF6', 'GES', 4),
(149, '2019-10-10', 34.9, 'NH3', 'GRA', 5),
(150, '2018-06-28', 25.3, 'PFC', 'GES', 6),
(151, '2020-12-08', 44.7, 'HFC', 'GES', 7),
(152, '2017-05-19', 20.2, 'CH4', 'GES', 8),
(153, '2019-09-06', 46.4, 'CO2nonbio', 'GES', 9),
(154, '2018-01-27', 15.1, 'CO2bio', 'GES', 10),
(155, '2020-04-11', 31.7, 'SF6', 'GES', 11),
(156, '2016-10-02', 28.4, 'PFC', 'GES', 12),
(157, '2019-08-15', 45.6, 'NH3', 'GRA', 13),
(158, '2018-04-29', 22.4, 'HFC', 'GES', 14),
(159, '2020-11-17', 40.9, 'CH4', 'GES', 15),
(160, '2017-03-07', 18.6, 'CO2nonbio', 'GES', 16),
(161, '2019-10-25', 36.3, 'CO2bio', 'GES', 17),
(162, '2016-08-09', 13.9, 'SF6', 'GES', 18),
(163, '2018-06-26', 30.1, 'PFC', 'GES', 19),
(164, '2020-12-16', 27.5, 'NH3', 'GRA', 20),
(165, '2017-05-03', 44.9, 'HFC', 'GES', 21),
(166, '2019-10-20', 21.8, 'CH4', 'GES', 22),
(167, '2018-06-08', 39.1, 'CO2nonbio', 'GES', 23),
(168, '2021-01-22', 16.6, 'CO2bio', 'GES', 24),
(169, '2016-09-12', 35.4, 'SF6', 'GES', 25),
(170, '2019-07-28', 24.7, 'PFC', 'GES', 26),
(171, '2018-04-10', 42.2, 'HFC', 'GES', 27),
(172, '2020-12-05', 19.3, 'NH3', 'GRA', 28),
(173, '2017-03-14', 38.6, 'CH4', 'GES', 29),
(174, '2019-09-04', 12.6, 'CO2nonbio', 'GES', 30),
(175, '2018-01-17', 29.2, 'CO2bio', 'GES', 31),
(176, '2020-06-11', 37.7, 'NH3', 'GRA', 32),
(177, '2016-03-27', 17.2, 'SF6', 'GES', 33),
(178, '2018-11-18', 34.7, 'PFC', 'GES', 34),
(179, '2017-08-07', 25.1, 'CH4', 'GES', 35),
(180, '2019-04-18', 43.3, 'HFC', 'GES', 36),
(181, '2016-11-02', 20.8, 'CO2nonbio', 'GES', 1),
(182, '2018-09-15', 46.5, 'CO2bio', 'GES', 2),
(183, '2020-04-29', 15.3, 'SF6', 'GES', 3),
(184, '2015-10-09', 31.1, 'PFC', 'GES', 4),
(185, '2017-08-22', 28.6, 'NH3', 'GRA', 5),
(186, '2019-02-04', 45.1, 'HFC', 'GES', 6),
(187, '2016-11-12', 22.8, 'CH4', 'GES', 7),
(188, '2018-05-27', 40.5, 'CO2nonbio', 'GES', 8),
(189, '2020-09-15', 18.2, 'CO2bio', 'GES', 9),
(190, '2017-03-01', 36.4, 'SF6', 'GES', 10),
(191, '2019-10-26', 14.1, 'NH3', 'GRA', 11),
(192, '2016-08-06', 30.5, 'PFC', 'GES', 12),
(193, '2018-06-23', 27.7, 'HFC', 'GES', 13),
(194, '2020-10-12', 45.4, 'CH4', 'GES', 14),
(195, '2017-05-20', 21.3, 'CO2nonbio', 'GES', 15),
(196, '2019-09-08', 39.2, 'CO2bio', 'GES', 16),
(197, '2018-01-30', 16.9, 'SF6', 'GES', 17),
(198, '2020-04-11', 35.7, 'PFC', 'GES', 18),
(199, '2016-10-03', 24.4, 'NH3', 'GRA', 19),
(200, '2019-08-18', 42.8, 'HFC', 'GES', 20);

INSERT INTO USE_(ID_Administrative_agent, ID_Measures)
VALUES
(1, 1),
(2, 2),
(3, 3),
(4, 4),
(5, 5),
(6, 6),
(7, 7),
(8, 8),
(9, 9),
(10, 10),
(11, 11),
(1, 12),
(2, 13),
(3, 14),
(4, 15),
(5, 16),
(6, 17),
(7, 18),
(8, 19),
(9, 20),
(10, 21),
(11, 22),
(1, 23),
(2, 24),
(3, 25),
(4, 26),
(5, 27),
(6, 28),
(7, 29),
(8, 30),
(9, 31),
(10, 32),
(11, 33),
(1, 34),
(2, 35),
(3, 36),
(4, 37),
(5, 38),
(6, 39),
(7, 40),
(8, 41),
(9, 42),
(10, 43),
(11, 44),
(1, 45),
(2, 46),
(3, 47),
(4, 48),
(5, 49),
(6, 50),
(7, 51),
(8, 52),
(9, 53),
(10, 54),
(11, 55),
(1, 56),
(2, 57),
(3, 58),
(4, 59),
(5, 60),
(6, 61),
(7, 62),
(8, 63),
(9, 64),
(10, 65),
(11, 66),
(1, 67),
(2, 68),
(3, 69),
(4, 70),
(5, 71),
(6, 72),
(7, 73),
(8, 74),
(9, 75),
(10, 76),
(11, 77),
(1, 78),
(2, 79),
(3, 80),
(4, 81),
(5, 82),
(6, 83),
(7, 84),
(8, 85),
(9, 86),
(10, 87),
(11, 88),
(1, 89),
(2, 90),
(3, 91),
(4, 92),
(5, 93),
(6, 94),
(7, 95),
(8, 96),
(9, 97),
(10, 98),
(11, 99),
(1, 100),
(2, 101),
(3, 102),
(4, 103),
(5, 104),
(6, 105),
(7, 106),
(8, 107),
(9, 108),
(10, 109),
(11, 110),
(1, 111),
(2, 112),
(3, 113),
(4, 114),
(5, 115),
(6, 116),
(7, 117),
(8, 118),
(9, 119),
(10, 120),
(11, 121),
(1, 122),
(2, 123),
(3, 124),
(4, 125),
(5, 126),
(6, 127),
(7, 128),
(8, 129),
(9, 130),
(10, 131),
(11, 132),
(1, 133),
(2, 134),
(3, 135),
(4, 136),
(5, 137),
(6, 138),
(7, 139),
(8, 140),
(9, 141),
(10, 142),
(11, 143),
(1, 144),
(2, 145),
(3, 146),
(4, 147),
(5, 148),
(6, 149),
(7, 150),
(8, 151),
(9, 152),
(10, 153),
(11, 154),
(1, 155),
(2, 156),
(3, 157),
(4, 158),
(5, 159),
(6, 160),
(7, 161),
(8, 162),
(9, 163),
(10, 164),
(11, 165),
(1, 166),
(2, 167),
(3, 168),
(4, 169),
(5, 170),
(6, 171),
(7, 172),
(8, 173),
(9, 174),
(10, 175),
(11, 176),
(1, 177),
(2, 178),
(3, 179),
(4, 180),
(5, 181),
(6, 182),
(7, 183),
(8, 184),
(9, 185),
(10, 186),
(11, 187),
(1, 188),
(2, 189),
(3, 190),
(4, 191),
(5, 192),
(6, 193),
(7, 194),
(8, 195),
(9, 196),
(10, 197),
(11, 198),
(1, 199),
(2, 200);

INSERT INTO Write_(ID_Administrative_agent, Id_Report)
VALUES
(1, 1),
(2, 2),
(3, 3),
(4, 4),
(5, 5),
(6, 6),
(7, 7),
(8, 8),
(9, 9),
(10, 10),
(11, 11);


*/
/*
SELECT * FROM Report;
SELECT * FROM Local_Agency;
SELECT * FROM Staff;
SELECT * FROM Administrative_Agent;
SELECT * FROM Technical_agent;
SELECT * FROM company_manager_;
SELECT * FROM sensor;
SELECT * FROM Measures;
SELECT * FROM USE_;
SELECT * FROM Write_;
*/
-- 
-- 11.  Pour un gaz donné, listez les rapports qui contiennent des données qui le concernent (on doit pouvoir donner le nom du gaz en paramètre)
SELECT * FROM Report;
SET @Gaz = 'SF6'; 
SELECT * 
FROM Report
WHERE Data_ REGEXP @Gaz;

SELECT Gaseous_Pollutant FROM Measures;




-- SELECT * FROM Report;
-- */
